<?xml version="1.0" encoding="utf-8"?>
<!--

    Copyright (c) 1997, 2018 Oracle and/or its affiliates. All rights reserved.

    This program and the accompanying materials are made available under the
    terms of the Eclipse Distribution License v. 1.0, which is available at
    http://www.eclipse.org/org/documents/edl-v10.php.

    SPDX-License-Identifier: BSD-3-Clause

-->

<definitions xmlns:wsp="http://schemas.xmlsoap.org/ws/2004/09/policy"
    xmlns:soap="http://schemas.xmlsoap.org/wsdl/soap/" xmlns:tns="http://server.fromjava/"
    xmlns:xsd="http://www.w3.org/2001/XMLSchema" xmlns="http://schemas.xmlsoap.org/wsdl/"
    xmlns:wsu="http://docs.oasis-open.org/wss/2004/01/oasis-200401-wss-wssecurity-utility-1.0.xsd"
    xmlns:wsam="http://www.w3.org/2007/05/addressing/metadata"
    xmlns:wsrm="http://docs.oasis-open.org/ws-rx/wsrmp/200702"
    targetNamespace="http://server.fromjava/" name="AddNumbersImplService">
    <wsp:Policy wsu:Id="AddNumbers_policy">
        <wsp:ExactlyOne>
            <wsp:All>
                <wsam:Addressing wsp:Optional="false"/>
                <wsrm:RMAssertion>
                    <wsrm:InactivityTimeout Milliseconds="600000"/>
                    <wsrm:AcknowledgementInterval Milliseconds="200"/>
                </wsrm:RMAssertion>
            </wsp:All>
        </wsp:ExactlyOne>
    </wsp:Policy>
    <message name="addNumbers">
        <part name="parameters" element="tns:addNumbers"/>
    </message>
    <message name="addNumbersResponse">
        <part name="parameters" element="tns:addNumbersResponse"/>
    </message>
    <message name="AddNumbersException">
        <part name="fault" element="tns:AddNumbersException"/>
    </message>
    <portType name="AddNumbersImpl">
        <operation name="addNumbers">
            <input message="tns:addNumbers"/>
            <output message="tns:addNumbersResponse"/>
            <fault message="tns:AddNumbersException" name="AddNumbersException"/>
        </operation>
    </portType>
    <binding name="AddNumbersImplPortBinding" type="tns:AddNumbersImpl">
        <wsp:PolicyReference URI="#AddNumbers_policy"/>
        <soap:binding transport="http://schemas.xmlsoap.org/soap/http" style="document"/>
        <operation name="addNumbers">
            <soap:operation soapAction="addNumbers"/>
            <input>
                <soap:body use="literal"/>
            </input>
            <output>
                <soap:body use="literal"/>
            </output>
            <fault name="AddNumbersException">
                <soap:fault name="AddNumbersException" use="literal"/>
            </fault>
        </operation>
    </binding>
    <service name="AddNumbersImplService">
        <port name="AddNumbersImplPort" binding="tns:AddNumbersImplPortBinding">
            <soap:address location="http://129.150.24.33:8080/wsit-enabled-fromjava/addnumbers"/>
        </port>
    </service>
</definitions>
