<?xml version="1.0" encoding="UTF-8" standalone="yes"?>
<!--

    Copyright (c) 1997, 2022 Oracle and/or its affiliates. All rights reserved.

    This program and the accompanying materials are made available under the
    terms of the Eclipse Distribution License v. 1.0, which is available at
    http://www.eclipse.org/org/documents/edl-v10.php.

    SPDX-License-Identifier: BSD-3-Clause

-->

<bindings 
    xmlns:xsd="http://www.w3.org/2001/XMLSchema"
    xmlns:jaxb="https://jakarta.ee/xml/ns/jaxb"
    xmlns:wsdl="http://schemas.xmlsoap.org/wsdl/"
    wsdlLocation="http://localhost:8080/wsit-jaxws-fromwsdl/addnumbers?wsdl"
    xmlns="https://jakarta.ee/xml/ns/jaxws">
    <bindings node="ns1:definitions" xmlns:ns1="http://schemas.xmlsoap.org/wsdl/">
        <package name="fromwsdl.client"/>
    </bindings>
    <bindings node="ns1:definitions/ns1:types/xsd:schema[@targetNamespace='http://example.org']" xmlns:xs="http://www.w3.org/2001/XMLSchema" xmlns:ns1="http://schemas.xmlsoap.org/wsdl/">
        <jaxb:schemaBindings>
            <jaxb:package name="fromwsdl.client"/>
        </jaxb:schemaBindings>
    </bindings>
</bindings>

